id,path
1,D4E4E8FF54166FEE.webp
2,E95B13F60A7B84E6.webp
3,983E93668308AE9C.webp
4,D04B2B490A65689D.webp
5,3D474996312905C9.webp
6,84CA492BDEE37C20.webp
7,9C326E314B547BA4.webp
8,1487D5DD2C930A0A.webp
9,76CF86C6E0D70BD9.webp
10,BF4B86B21FAF3DC2.webp
11,782FA44D105AAE28.webp
12,C65410FD2F9B0CAE.webp
13,E5DEF546D8EA4084.webp
14,B56F2F2693DA1D0F.webp
15,AAA44EBF3714D107.webp
16,970AC243BD80059C.webp
17,42D7A78FE8380768.webp
18,A50C858E6B52E5BC.webp
19,37F79053C88BBCB0.webp
20,49C65257B2B30F5B.webp
21,1353E5EEF761CF17.webp
22,03C7E146B75E2CF8.webp
23,36FB7DEEBEC4B1FD.webp
24,6CFA1B50F918AE08.webp
25,991FB6838AF97192.webp
26,A56CF295296CE212.webp
27,71C77F14A8236701.webp
28,6C152917E7CE41C5.webp
29,53FD035E667BB02E.webp
30,E089A92ED6DEF407.webp
31,5CCF91081ABF6B62.webp
32,F8DF5FCB5F716945.webp
33,7758CDCA6F83FDCF.webp
34,96247163DCD4CABF.webp
35,DF533908F0FDF9B0.webp
36,1A4DE95FE2CC45D4.webp
37,39165BA752A6664E.webp
38,24C29B7B1AFCE8C3.webp
39,CC915ADB5C17C8ED.webp
40,24A5DC1956DD033A.webp
41,4590D2A7353A00B8.webp
42,D6BB267DDE3936D3.webp
43,172D9E441B6A8765.webp
44,A9DC5393EFEA96B7.webp
45,ACA0AEE8670A080E.webp
46,E11F9E40C5C1BC46.webp
47,3CE93D84D6B1C1F4.webp
48,E94A8F4E5F6DD49C.webp
49,162B70B346972A5F.webp
50,22E9E1D59196DDAF.webp
51,EB7B1B20165B0810.webp
52,2033168590C392F4.webp
53,D7A46528650EE368.webp
54,DCCF72DAFBE56F8C.webp
55,6D1DF7F7A72A955A.webp
56,95B2A58ADF5BE8F6.webp
57,6EAF4BE2535B4971.webp
58,5D3F805B3F0B223D.webp
59,2D96CA6FD03944A7.webp
60,3F61D0F77F7B8A57.webp
61,568A970003AFA073.webp
62,B5DF83D1D848DEF0.webp
63,648A267F5DD8D0A4.webp
64,507D386114AA40ED.webp
65,A7CA17E7C9219A3E.webp
66,3BC485C36BCF0D39.webp
67,FFDC3A8762003304.webp
68,11A8AA6FC7FC8E3B.webp
69,2672A39CCBEFF4C7.webp
70,5562DC7D6CFD8CD0.webp
71,6014435F55D13384.webp
72,1A1E7BA91EB9CED9.webp
73,FEA82C5E5BDCB99C.webp
74,C4DE4D84A8E14528.webp
75,6D304EB674BE64B4.webp
76,80551EFA1F8F1400.webp
